{"ABAZ": -0.164217929, "AKCZ": 0.138367301, "ALRZ": -0.018188038, "AMCZ": 0.298570183, "ANWZ": 0.197018386, "APZ": 0.130910343, "ARAZ": 0.065031575, "ARCZ": -0.082827138, "ARHZ": 0.300589417, "AWAZ": -0.45843224, "BFZ": -0.046052969, "BHHZ": -0.117156436, "BHW": -0.268207503, "BKZ": 0.03762629, "BSWZ": -0.127699657, "CAW": 0.242248166, "CKHZ": 0.145923309, "CMWZ": 0.250902817, "CNGZ": -0.116373903, "COVZ": 0.070951152, "CPWZ": 0.190315347, "CRLZ": -0.175259885, "CRSZ": 0.191465336, "CTZ": 0.423542397, "CVZ": 0.183095474, "DCZ": 0.14344826, "DREZ": 0.260730276, "DRZ": 0.670886524, "DSZ": 0.301001828, "DUWZ": 0.356388028, "DVHZ": -0.088477387, "EAZ": 0.174550302, "EDRZ": -0.097003085, "EPAZ": -0.677454879, "ETAZ": -0.646489413, "ETVZ": 0.351697415, "EYCZ": 0.111209279, "FOZ": 0.100393192, "FWVZ": 0.019753447, "GCSZ": 0.038179235, "GLKZ": 0.086004126, "GRRZ": -0.225915784, "GRZ": -0.140356976, "GVZ": 0.238004719, "HATZ": -0.12068231, "HAZ": 0.000398176, "HBAZ": -0.853296787, "HIZ": 0.180806773, "HLRZ": -0.212601439, "HOWZ": 0.025377256, "HRRZ": -0.28780917, "HSRZ": -0.426375178, "INZ": 0.024588466, "JCZ": 0.207715412, "KAHZ": 0.186939576, "KARZ": -0.445935667, "KATZ": -0.059281719, "KBAZ": -0.855513059, "KHEZ": 0.492868424, "KHZ": 0.009436656, "KIW": -0.034855776, "KMRZ": -0.291810686, "KNZ": 0.037827214, "KQ01": -2.258954442, "KQ02": -2.019071865, "KQ03": -0.178205177, "KQ04": -1.807803888, "KQ05": -2.408299563, "KRHZ": -0.034966728, "KRVZ": -0.048623278, "KUTZ": -0.019605574, "KUZ": -0.322277741, "KWHZ": 0.212932441, "LBZ": 0.09201469, "LIRZ": -0.263166034, "LREZ": 0.540925097, "LTZ": 0.079348799, "MARZ": -0.147516982, "MAVZ": 0.107389177, "MBAZ": -0.701134451, "MCHZ": 0.43764255, "MHCZ": -0.058371856, "MHEZ": 0.743357845, "MHGZ": -0.072632299, "MKAZ": -0.248690226, "MKRZ": -0.303671465, "MLZ": 0.196525152, "MOVZ": -0.140672596, "MQZ": -0.06764018, "MRHZ": 0.002225601, "MRNZ": 0.275441055, "MRZ": 0.090279974, "MSWZ": -0.024187386, "MSZ": 0.228861052, "MTHZ": 0.094353222, "MTVZ": 0.54400985, "MTW": 0.05101228, "MUGZ": 0.092370578, "MWZ": -0.052831832, "MXZ": -0.109395165, "MYRZ": 0.282536909, "NBEZ": 0.137697316, "NEZ": -0.032885253, "NGRZ": -0.269804783, "NGZ": 0.1456729, "NMEZ": 0.282452386, "NMHZ": 0.34304362, "NNVZ": 0.221921989, "NNZ": 0.035801066, "NTVZ": 0.132664703, "NWEZ": -0.043372046, "ODZ": 0.168572108, "OGWZ": 0.027782198, "OHWZ": 0.298755617, "OKCZ": 0.269738441, "OMRZ": -0.386221888, "OPRZ": -0.398266839, "OPZ": 0.343092986, "OTVZ": 0.294753254, "OUZ": -0.245194969, "OXZ": 0.300347722, "PAWZ": -0.076382374, "PKE": 0.535451378, "PKGZ": -0.008145703, "PKVZ": 0.167950188, "PLWZ": -0.117451998, "PNHZ": -0.029339554, "POIZ": 0.116482923, "POWZ": 0.227640636, "PREZ": 0.304612608, "PRGZ": 0.035575815, "PRHZ": 0.110412294, "PRRZ": -0.140928115, "PRWZ": 0.188465553, "PUZ": 0.053869235, "PXZ": 0.194194426, "PYZ": 0.159217917, "QRZ": 0.32018355, "RACZ": -0.098100541, "RAGZ": 0.131949643, "RAHZ": 0.194896306, "RATZ": 0.189181091, "RIGZ": 0.163943305, "RITZ": 0.303849759, "RIZ": 0.260424536, "RPZ": 0.182120596, "RRRZ": 0.167558997, "RTZ": 0.114802299, "RUGZ": -0.041330583, "RVAZ": -0.708127777, "SNGZ": 0.117314639, "SNVZ": 0.063849552, "SYZ": 0.282777088, "TARZ": -0.187597125, "TCW": 0.030183256, "TGRZ": -0.141311829, "THQ2": -0.321573886, "THZ": 0.128574281, "TIWZ": 0.144012136, "TKGZ": 0.150600025, "TKNZ": 0.24563822, "TLZ": -0.216156893, "TMVZ": 0.241158615, "TMWZ": -0.05029122, "TON8": 0.290693395, "TOZ": -0.373255344, "TRVZ": 0.081734058, "TRWZ": -0.120774672, "TSZ": 0.1814721, "TUVZ": 0.378383258, "TUWZ": -0.056971019, "TUZ": 0.335155034, "TWGZ": 0.253101517, "TWVZ": -0.166095124, "URZ": 0.030370376, "UTU": -0.082073756, "VRZ": 0.331654136, "WACZ": -0.017136141, "WATZ": -0.114158676, "WAZ": 0.571195849, "WCZ": -0.324225886, "WEL": 0.13008256, "WHHZ": 0.391690344, "WHRZ": 0.135724272, "WHTZ": 0.041765653, "WHVZ": 0.149894893, "WHZ": 0.162605067, "WIAZ": -0.364420852, "WIZ": -0.351807441, "WKZ": 0.365749038, "WMGZ": 0.158848916, "WNVZ": 0.102459783, "WPHZ": 0.276756743, "WPRZ": -0.162163095, "WSRZ": -0.105596237, "WTAZ": -0.086914247, "WTVZ": 0.132543231, "WVZ": 0.012795932}